Unnamed: 0,Question,Answer,Path,hop_count
0,"Which factor had the highest impact on wholesale electricity prices in advanced economies over the last decade, according to the subgraph provided?",Gas prices had the highest impact on driving up wholesale electricity prices in advanced economies over the last decade.,(:advanced_economies {id: e5328})-[:describes_momentum_as]->(:growth_momentum {id: e1724})-[:varies_between]->(:countries {id: e1006})-[:had_highest]->(:wholesale_electricity_prices {id: e16092})-[:driven_up_by]->(:gas_prices {id: e3769})-[:responsiveness_over_period]->(:last_decade {id: e1411}),5
1,"Which factor had the highest influence on wholesale electricity prices in advanced economies, according to the described growth momentum?","Gas prices had the highest influence on wholesale electricity prices in advanced economies, as indicated by the growth momentum which varies between these countries.",(:advanced_economies {id: e5328})-[:describes_momentum_as]->(:growth_momentum {id: e1724})-[:varies_between]->(:countries {id: e1006})-[:had_highest]->(:wholesale_electricity_prices {id: e16092})-[:driven_up_by]->(:gas_prices {id: e3769})-[:responsiveness_to]->(:oil_prices {id: e2030})-[:contributed_to]->(:household_energy_prices {id: e18701}),6
2,"Which factor contributed to the highest wholesale electricity prices in some countries, and what is decoupling from oil prices that recently experienced one-day drops?","The highest wholesale electricity prices in some countries were driven up by gas prices, which are decoupling from oil prices that recently experienced one-day drops.",(:advanced_economies {id: e5328})-[:describes_momentum_as]->(:growth_momentum {id: e1724})-[:varies_between]->(:countries {id: e1006})-[:had_highest]->(:wholesale_electricity_prices {id: e16092})-[:driven_up_by]->(:gas_prices {id: e3769})-[:decoupling_from]->(:oil_prices {id: e2030})-[:experienced]->(:one_day_drops {id: e6808}),6
3,"Which factor was responsible for driving up the highest wholesale electricity prices among advanced economies, and what was one economic consequence of this within the euro area?",Gas prices were responsible for driving up the highest wholesale electricity prices among advanced economies. One economic consequence of this within the euro area was a fall in output in the first half of 2020.,(:advanced_economies {id: e5328})-[:describes_momentum_as]->(:growth_momentum {id: e1724})-[:varies_between]->(:countries {id: e1006})-[:had_highest]->(:wholesale_electricity_prices {id: e16092})-[:driven_up_by]->(:gas_prices {id: e3769})-[:lower]->(:euro_area_output {id: e1649})-[:had_a_fall_in]->(:first_half_of_2020 {id: e1650}),6
4,"In advanced economies, what is a factor that contributes to the highest wholesale electricity prices among various countries, and how do these prices relate to gas and oil prices?","In advanced economies, the highest wholesale electricity prices among various countries are driven up by gas prices, which are lower than oil prices. Gas prices have contributed to household energy prices.",(:advanced_economies {id: e5328})-[:describes_momentum_as]->(:growth_momentum {id: e1724})-[:varies_between]->(:countries {id: e1006})-[:had_highest]->(:wholesale_electricity_prices {id: e16092})-[:driven_up_by]->(:gas_prices {id: e3769})-[:lower_than]->(:oil_prices {id: e2030})-[:contributed_to]->(:household_energy_prices {id: e18701}),6
5,"Which entity experienced the highest wholesale electricity prices among advanced economies, and what factor affected this volatility?","The countries within the advanced economies had the highest wholesale electricity prices, and the volatility was affected by policy measures implemented by the ECB.",(:advanced_economies {id: e5328})-[:describes_momentum_as]->(:growth_momentum {id: e1724})-[:varies_between]->(:countries {id: e1006})-[:had_highest]->(:wholesale_electricity_prices {id: e16092})-[:volatility_affected_by]->(:policy_measures {id: e2828})-[:implement_by]->(:ECB {id: e849})-[:prediction_of_easing_supply_constraints]->(:second_half_of_the_year {id: e9404}),6
6,Which region had the highest wholesale electricity prices and how were the price volatilities affected?,"Advanced economies had the highest wholesale electricity prices, and the volatility in these prices was affected by policy measures implemented by the European Central Bank (ECB), where the monetary policy will depend on the evolving assessment of the outlook.",(:advanced_economies {id: e5328})-[:describes_momentum_as]->(:growth_momentum {id: e1724})-[:varies_between]->(:countries {id: e1006})-[:had_highest]->(:wholesale_electricity_prices {id: e16092})-[:volatility_affected_by]->(:policy_measures {id: e2828})-[:implement_by]->(:ECB {id: e849})-[:monetary_policy_will_depend_on]->(:the_evolving_assessment_of_the_outlook {id: e15618}),6
7,"In advanced economies, which factor has been most affected by volatility as a result of policy measures implemented by the ECB, and where has this factor declined more than at the national level?","In advanced economies, wholesale electricity prices have been most affected by volatility as a result of policy measures implemented by the ECB, and this factor has declined more than at the national level.",(:advanced_economies {id: e5328})-[:describes_momentum_as]->(:growth_momentum {id: e1724})-[:varies_between]->(:countries {id: e1006})-[:had_highest]->(:wholesale_electricity_prices {id: e16092})-[:volatility_affected_by]->(:policy_measures {id: e2828})-[:implement_by]->(:ECB {id: e849})-[:declined_more_than]->(:national_level {id: e3115}),6
8,"Which entity had the highest wholesale electricity prices among advanced economies, and what has affected their volatility?","The countries with the highest wholesale electricity prices among advanced economies had their price volatility affected by policy measures implemented by the ECB, which reported an amount lower by Euro 85 billion.",(:advanced_economies {id: e5328})-[:describes_momentum_as]->(:growth_momentum {id: e1724})-[:varies_between]->(:countries {id: e1006})-[:had_highest]->(:wholesale_electricity_prices {id: e16092})-[:volatility_affected_by]->(:policy_measures {id: e2828})-[:implement_by]->(:ECB {id: e849})-[:Reported_amount_lower_by]->(:Euro85_billion {id: e8011}),6
9,"Which entity had the highest wholesale electricity prices among countries with varying growth momentum, and what was a factor affecting the volatility of these prices?","The entity with the highest wholesale electricity prices among countries with varying growth momentum was affected by policy measures implemented by the ECB, which closely follows statistical progress.",(:advanced_economies {id: e5328})-[:describes_momentum_as]->(:growth_momentum {id: e1724})-[:varies_between]->(:countries {id: e1006})-[:had_highest]->(:wholesale_electricity_prices {id: e16092})-[:volatility_affected_by]->(:policy_measures {id: e2828})-[:implement_by]->(:ECB {id: e849})-[:closely_follow]->(:statistical_progress {id: e4637}),6
0,"How is China's real GDP growth being discussed in relation to its impact on Turkey, particularly concerning households' purchases of dwellings?","China's real GDP growth is being discussed concerning its outlook in Turkey, where it is seen as damaging to consumption and investment, specifically impacting households' purchases of dwellings.",(:China {id: e207})-[:is_being_discussed_concerning]->(:real_GDP_growth {id: e3611})-[:outlook_for_in]->(:Turkey {id: e550})-[:damaging]->(:consumption_and_investment {id: e4655})-[:in]->(:households_purchases_of_dwellings {id: e4656}),4
1,What is the inflation rate percentage for Turkey in February that is being discussed in relation to China's real GDP growth?,The inflation rate for Turkey in February is 5.9 percent.,(:China {id: e207})-[:is_being_discussed_concerning]->(:real_GDP_growth {id: e3611})-[:outlook_for_in]->(:Turkey {id: e550})-[:InflationRateIn]->(:January {id: e278})-[:has_less_growth_rate_than]->(:February {id: e1135})-[:inflation_rate_for_month]->(:inflation_rate {id: e3512})-[:rate_in_percentage_in_february]->(:_5_point_9percent {id: e9172}),6
2,"What was the average inflation rate projection in Turkey from January to February, concerning discussions about China's real GDP growth?",The average inflation rate projection in Turkey from January to February was 2.2 percent.,(:China {id: e207})-[:is_being_discussed_concerning]->(:real_GDP_growth {id: e3611})-[:outlook_for_in]->(:Turkey {id: e550})-[:InflationRateIn]->(:January {id: e278})-[:to]->(:February {id: e1135})-[:inflation_rate_for_month]->(:inflation_rate {id: e3512})-[:average_projection]->(:_2_point_2percent {id: e473}),6
3,"What is the topic of discussion concerning China's real GDP growth that has a connection to Turkey's economic situation, specifically regarding the inflation rate from January to February preceding April?","The discussion concerning China's real GDP growth is connected to Turkey's economic situation, focusing on the inflation rate progression from January to February in the time frame before April.",(:China {id: e207})-[:is_being_discussed_concerning]->(:real_GDP_growth {id: e3611})-[:outlook_for_in]->(:Turkey {id: e550})-[:InflationRateIn]->(:January {id: e278})-[:to]->(:February {id: e1135})-[:inflation_rate_for_month]->(:inflation_rate {id: e3512})-[:refers_to_time]->(:previous_month_before_April {id: e17460}),6
4,"What is the outlook for China's real GDP growth concerning its impact on Turkey, and in which quarter did Turkey's region recover with an increase in employment that was concentrated in the construction sector demonstrating growth in activity?","The outlook for China's real GDP growth concerning Turkey indicates that Turkey's region recovered to the levels of the fourth quarter of 2019, during which there was an increase in employment concentrated in the construction sector, demonstrating growth in activity.",(:China {id: e207})-[:is_being_discussed_concerning]->(:real_GDP_growth {id: e3611})-[:outlook_for_in]->(:Turkey {id: e550})-[:region_recovered_to]->(:fourth_quarter_of_2019 {id: e538})-[:TimeOf]->(:employment_increase {id: e6961})-[:ConcentratedIn]->(:construction_sector {id: e3509})-[:demonstrated]->(:activity_growth {id: e15976}),6
5,"Has the construction sector in Turkey seen an employment increase since the fourth quarter of 2019, and what is the current status of this sector?","Yes, the construction sector in Turkey has experienced an employment increase since the fourth quarter of 2019, and the current status of this sector is that it has achieved a broad stabilization.",(:China {id: e207})-[:is_being_discussed_concerning]->(:real_GDP_growth {id: e3611})-[:outlook_for_in]->(:Turkey {id: e550})-[:region_recovered_to]->(:fourth_quarter_of_2019 {id: e538})-[:TimeOf]->(:employment_increase {id: e6961})-[:ConcentratedIn]->(:construction_sector {id: e3509})-[:status]->(:broad_stabilisation {id: e12553}),6
6,"What is being discussed concerning China's real GDP growth in relation to Turkey's economic outlook, and how does it relate to the inflation rates reported in the months of January, February, and March?","China's real GDP growth is being discussed concerning its impact on the outlook for Turkey's economy. In the context of inflation rates, the data shows that the rate of inflation in January was less than that of February. Moreover, for the month of March, the inflation rate was reported to be 7.5 percent.",(:China {id: e207})-[:is_being_discussed_concerning]->(:real_GDP_growth {id: e3611})-[:outlook_for_in]->(:Turkey {id: e550})-[:InflationRateIn]->(:January {id: e278})-[:has_less_growth_rate_than]->(:February {id: e1135})-[:inflation_rate_for_month]->(:inflation_rate {id: e3512})-[:rate_in_percentage_in_march]->(:_7_point_5percent {id: e455}),6
7,What was the inflation rate in Turkey in February as discussed concerning China's real GDP growth?,The inflation rate in Turkey for the month of February was 5.9 percent.,(:China {id: e207})-[:is_being_discussed_concerning]->(:real_GDP_growth {id: e3611})-[:outlook_for_in]->(:Turkey {id: e550})-[:InflationRateIn]->(:January {id: e278})-[:to]->(:February {id: e1135})-[:inflation_rate_for_month]->(:inflation_rate {id: e3512})-[:rate_in_percentage_in_february]->(:_5_point_9percent {id: e9172}),6
8,What is the revised down projection for Turkey's real GDP growth rate in the fourth quarter of 2024 compared to the initial expectation?,The revised down projection for Turkey's real GDP growth rate in the fourth quarter of 2024 is 0.3 percentage points lower than the initial expectation.,(:China {id: e207})-[:is_being_discussed_concerning]->(:real_GDP_growth {id: e3611})-[:outlook_for_in]->(:Turkey {id: e550})-[:region_recovered_to]->(:fourth_quarter_of_2019 {id: e538})-[:had_rate]->(:_2_point_1percent {id: e257})-[:in_year]->(:_2024 {id: e4146})-[:revised_down_projection]->(:_0_point_3_percentage_points {id: e4566}),6
9,"What sector in Turkey demonstrated activity growth and an employment increase that recovered to the levels of the fourth quarter of 2019, in discussions concerning China's real GDP growth outlook for Turkey?","The construction sector in Turkey demonstrated activity growth and an employment increase that recovered to the levels of the fourth quarter of 2019, in the context of discussions concerning China's real GDP growth outlook for Turkey.",(:China {id: e207})-[:is_being_discussed_concerning]->(:real_GDP_growth {id: e3611})-[:outlook_for_in]->(:Turkey {id: e550})-[:region_recovered_to]->(:fourth_quarter_of_2019 {id: e538})-[:TimeOf]->(:employment_increase {id: e6961})-[:ConcentratedIn]->(:construction_sector {id: e3509})-[:demonstrated]->(:activity_growth {id: e15976}),6
0,When did the euro area reach the pre-pandemic level after experiencing a decline?,"The euro area reached the pre-pandemic level after a decline that happened during the first quarter of 2020, i.e., Q1 2020.",(:euro_area {id: e375})-[:reached]->(:pre_pandemic_level {id: e3321})-[:after_decline]->(:decline {id: e2038})-[:happened_during_timeframe]->(:first_quarter_of_2020 {id: e672})-[:is_equivalent_to]->(:Q1_2020 {id: e14402}),4
1,"Did the Euro Area reach the pre-pandemic level of economic activity after a decline that happened during the first quarter of 2020, which coincided with a rise in inflation in the United States partly contributed by utilities?","Yes, the Euro Area reached the pre-pandemic level after a decline that occurred during the first quarter of 2020, a period that also saw a rise in inflation in the United States with utilities contributing to this inflation.",(:euro_area {id: e375})-[:reached]->(:pre_pandemic_level {id: e3321})-[:after_decline]->(:decline {id: e2038})-[:happened_during_timeframe]->(:first_quarter_of_2020 {id: e672})-[:part_of]->(:United_States {id: e230})-[:saw_rise_in]->(:inflation {id: e108})-[:contributed_by]->(:utilities {id: e17235}),6
2,"Did the euro area reach its pre-pandemic level economic activity after a decline during the first quarter of 2020, which was also a period when the United States saw a rise in inflation that is likely to be transitory?","Yes, the euro area reached its pre-pandemic level after a decline that happened during the first quarter of 2020, a timeframe in which the United States saw a rise in inflation that is considered likely to be transitory.",(:euro_area {id: e375})-[:reached]->(:pre_pandemic_level {id: e3321})-[:after_decline]->(:decline {id: e2038})-[:happened_during_timeframe]->(:first_quarter_of_2020 {id: e672})-[:part_of]->(:United_States {id: e230})-[:saw_rise_in]->(:inflation {id: e108})-[:is_likely_to_be]->(:transitory {id: e19487}),6
3,"When did the euro area reach the pre-pandemic level after a decline that happened during a specific period, and what economic challenge did the United States face in connection with a medium-term target?","The euro area reached the pre-pandemic level after a decline that happened during the first quarter of 2020. During this period, the United States saw a rise in inflation with a goal of reaching a 2 percent medium-term target.",(:euro_area {id: e375})-[:reached]->(:pre_pandemic_level {id: e3321})-[:after_decline]->(:decline {id: e2038})-[:happened_during_timeframe]->(:first_quarter_of_2020 {id: e672})-[:part_of]->(:United_States {id: e230})-[:saw_rise_in]->(:inflation {id: e108})-[:has_target]->(:_2percent_medium_term_target {id: e5016}),6
4,"Did the euro area reach its pre-pandemic economic level after a decline that happened during the first quarter of 2020 in the United States, which saw a rise in inflation described as affecting labour and product markets?","Yes, the euro area reached its pre-pandemic level after a decline that happened during the first quarter of 2020, which was a timeframe when the United States saw a rise in inflation that affected labour and product markets.",(:euro_area {id: e375})-[:reached]->(:pre_pandemic_level {id: e3321})-[:after_decline]->(:decline {id: e2038})-[:happened_during_timeframe]->(:first_quarter_of_2020 {id: e672})-[:part_of]->(:United_States {id: e230})-[:saw_rise_in]->(:inflation {id: e108})-[:described_as]->(:labour_and_product_markets {id: e1601}),6
5,"Did the euro area reach its pre-pandemic level after a decline that happened during the first quarter of 2020, and has the United States contributed to stronger demand in the euro area, despite the euro area's foreign demand being more subdued compared with world imports?","Yes, the euro area reached its pre-pandemic level after a decline that happened during the first quarter of 2020. Additionally, the United States has contributed to stronger demand in the euro area, even though the euro area's foreign demand was more subdued compared with world imports.",(:euro_area {id: e375})-[:reached]->(:pre_pandemic_level {id: e3321})-[:after_decline]->(:decline {id: e2038})-[:happened_during_timeframe]->(:first_quarter_of_2020 {id: e672})-[:part_of]->(:United_States {id: e230})-[:contributing_to_stronger_demand]->(:euro_area_foreign_demand {id: e6785})-[:more_subdued_compared_with]->(:world_imports {id: e19886}),6
6,"When did the euro area reach its pre-pandemic level after a decline that happened during a specific timeframe, and which two countries were involved in a purchase that is related to this timeframe?","The euro area reached its pre-pandemic level after a decline that happened during the first quarter of 2020. During this specific timeframe, the United States was set to receive a purchase from China, which is related to China's record of positive economic growth.",(:euro_area {id: e375})-[:reached]->(:pre_pandemic_level {id: e3321})-[:after_decline]->(:decline {id: e2038})-[:happened_during_timeframe]->(:first_quarter_of_2020 {id: e672})-[:part_of]->(:United_States {id: e230})-[:to_receive_purchase_from]->(:China {id: e207})-[:R_record]->(:positive_economic_growth {id: e1791}),6
0,"Did the financial conditions in the euro area return to the pre-pandemic level after a decline, and if so, during which timeframe did the initial decline happen?","Yes, the financial conditions in the euro area continued to tighten and eventually reached the pre-pandemic level after experiencing a decline. The initial decline happened during the first quarter of 2020, which is equivalent to Q1 2020.",(:firms {id: e232})-[:relevance_of_moderation]->(:financial_conditions {id: e173})-[:continued_to_tighten]->(:euro_area {id: e375})-[:reached]->(:pre_pandemic_level {id: e3321})-[:after_decline]->(:decline {id: e2038})-[:happened_during_timeframe]->(:first_quarter_of_2020 {id: e672})-[:is_equivalent_to]->(:Q1_2020 {id: e14402}),6
1,How has the underlying inflation trend in the euro area responded after the decline which brought financial conditions to pre-pandemic levels?,"The underlying inflation trend in the euro area has risen after the decline that counterbalanced the tightening of financial conditions, which ultimately reached pre-pandemic levels.",(:firms {id: e232})-[:relevance_of_moderation]->(:financial_conditions {id: e173})-[:continued_to_tighten]->(:euro_area {id: e375})-[:reached]->(:pre_pandemic_level {id: e3321})-[:after_decline]->(:decline {id: e2038})-[:counterbalanced_by]->(:underlying_inflation {id: e2005})-[:trend]->(:risen {id: e3744}),6
2,"What was the impact on net foreign assets in the euro area after financial conditions continued to tighten, and how did it eventually correlate to pre-pandemic levels?","The tightening of financial conditions led to a decline in net foreign assets in the euro area, which eventually reached the pre-pandemic level after this decline. The specific impact quantified was a decline of â‚¬30.3 billion in net foreign assets.",(:firms {id: e232})-[:relevance_of_moderation]->(:financial_conditions {id: e173})-[:continued_to_tighten]->(:euro_area {id: e375})-[:reached]->(:pre_pandemic_level {id: e3321})-[:after_decline]->(:decline {id: e2038})-[:decline_in]->(:net_foreign_assets {id: e7396})-[:decline]->(:_30_point_3_billion {id: e19134}),6
3,How much did financial conditions in the euro area decline before reaching the pre-pandemic level after a period of continued tightening?,Financial conditions in the euro area declined by 5.6 percent before reaching the pre-pandemic level after a period of continued tightening.,(:firms {id: e232})-[:relevance_of_moderation]->(:financial_conditions {id: e173})-[:continued_to_tighten]->(:euro_area {id: e375})-[:reached]->(:pre_pandemic_level {id: e3321})-[:after_decline]->(:decline {id: e2038})-[:quantified_as]->(:_5_point_6percent {id: e113}),5
4,Did the financial conditions in the euro area return to pre-pandemic levels after initially declining in 2020 during the early stages of the pandemic?,"Yes, the financial conditions in the euro area continued to tighten and eventually reached the pre-pandemic level after experiencing a decline in 2020 during the early stages of the pandemic.",(:firms {id: e232})-[:relevance_of_moderation]->(:financial_conditions {id: e173})-[:continued_to_tighten]->(:euro_area {id: e375})-[:reached]->(:pre_pandemic_level {id: e3321})-[:after_decline]->(:decline {id: e2038})-[:in]->(:_2020 {id: e520})-[:time_of]->(:early_stages_of_the_pandemic {id: e15944}),6
5,"How much did the financial conditions in the euro area stand below the pre-pandemic level by in 2021, and what was the rate of increase from the previous year?","In 2021, the financial conditions in the euro area stood below the pre-pandemic level by 5.1 percent, with a rate of increase of 6.0 percent from the previous year.",(:firms {id: e232})-[:relevance_of_moderation]->(:financial_conditions {id: e173})-[:continued_to_tighten]->(:euro_area {id: e375})-[:reached]->(:pre_pandemic_level {id: e3321})-[:stood_below_by]->(:_5_point_1percent {id: e563})-[:registered_in]->(:_2021 {id: e604})-[:rate_of_increase]->(:_6_point_0percent {id: e9143}),6
6,"How much did the pre-pandemic level of financial conditions in the Euro area stand below in the first quarter of 2021, and what was the economic growth outlook forecasted for that period?","In the first quarter of 2021, the pre-pandemic level of financial conditions in the Euro area stood below by 5.1 percent, and the economic growth outlook forecasted for that period foresaw flat growth.",(:firms {id: e232})-[:relevance_of_moderation]->(:financial_conditions {id: e173})-[:continued_to_tighten]->(:euro_area {id: e375})-[:reached]->(:pre_pandemic_level {id: e3321})-[:stood_below_by]->(:_5_point_1percent {id: e563})-[:in]->(:first_quarter_of_2021 {id: e1940})-[:foresaw]->(:flat_growth {id: e1979}),6
7,"How have the financial conditions in the euro area changed compared to the pre-pandemic level, and what was the revision percentage point for the year 2020?","The financial conditions in the euro area have continued to tighten and reached the pre-pandemic level, which is above where they stood in 2020. The year 2020 saw a revision by 7.4 percentage points.",(:firms {id: e232})-[:relevance_of_moderation]->(:financial_conditions {id: e173})-[:continued_to_tighten]->(:euro_area {id: e375})-[:reached]->(:pre_pandemic_level {id: e3321})-[:above]->(:_2020 {id: e520})-[:revision_by]->(:_7_point_4_percentage_points {id: e17753}),5
8,How did the financial conditions in the Euro area evolve to reflect the initial fiscal positions of Member States since 2020?,"The financial conditions in the Euro area continued to tighten, reaching a pre-pandemic level that was above that of 2020. This evolution reflected the initial fiscal positions of Member States, who announced additional measures at mid-October.",(:firms {id: e232})-[:relevance_of_moderation]->(:financial_conditions {id: e173})-[:continued_to_tighten]->(:euro_area {id: e375})-[:reached]->(:pre_pandemic_level {id: e3321})-[:above]->(:_2020 {id: e520})-[:reflecting_initial_fiscal_positions_of]->(:Member_States {id: e2860})-[:announced_additional_measures_at]->(:mid_October {id: e2892}),6
9,How has the moderation of financial conditions in the Euro area related to pre-pandemic levels and what could it mean for the fiscal positions of Member States?,"The moderation of financial conditions in the Euro area continued to tighten until it reached pre-pandemic levels, which were above those of the year 2020. This situation reflects the initial fiscal positions of the Member States, which may lead to additional fiscal costs.",(:firms {id: e232})-[:relevance_of_moderation]->(:financial_conditions {id: e173})-[:continued_to_tighten]->(:euro_area {id: e375})-[:reached]->(:pre_pandemic_level {id: e3321})-[:above]->(:_2020 {id: e520})-[:reflecting_initial_fiscal_positions_of]->(:Member_States {id: e2860})-[:may_lead_to]->(:additional_fiscal_costs {id: e2991}),6
0,How does the Governing Council's monitoring of the exchange rate relate to demand pull shocks in consumption?,"The Governing Council monitors the exchange rate, which is dependent on various industries. Among these industries, food services, which is a category of contact-intensive activities, plays a key role in consumption. When there is an increase in food services, it can lead to a rise in consumption. However, if consumption contracts, it can be a result of demand pull shocks. Therefore, the Governing Council's monitoring of the exchange rate indirectly relates to consumption patterns, which can be affected by demand pull shocks through the sequence of dependencies from industries to contact-intensive activities like food services.",(:Governing_Council {id: e150})-[:monitors]->(:exchange_rate {id: e1616})-[:R_depend_on]->(:industries {id: e15189})-[:increase_in_e9]->(:food_services {id: e5497})-[:category_of]->(:Contact_intensive_activities {id: e21964})-[:played_a_key_role_in]->(:consumption {id: e1341})-[:contracted_by]->(:demand_pull_shocks {id: e16289}),6
1,"What economic relationship is monitored by the Governing Council, according to the provided subgraph, that flows through the exchange rate and impacts consumption via the Euler equation?","According to the provided subgraph, the Governing Council monitors an economic relationship that starts with the exchange rate, which depends on industries. These industries subsequently lead to an increase in food services, a category of contact-intensive activities, which played a key role in consumption through the Euler equation.",(:Governing_Council {id: e150})-[:monitors]->(:exchange_rate {id: e1616})-[:R_depend_on]->(:industries {id: e15189})-[:increase_in_e9]->(:food_services {id: e5497})-[:category_of]->(:Contact_intensive_activities {id: e21964})-[:played_a_key_role_in]->(:consumption {id: e1341})-[:via]->(:Euler_equation {id: e17041}),6
2,"How does the Governing Council's monitoring of the exchange rate impact the food services industry, and what role do contact-intensive activities play in relation to future short-term rates?","The Governing Council monitors the exchange rate which is dependent on various industries, including food services. Changes or increases in the food services industry, which is a category of contact-intensive activities, play a key role in influencing consumption patterns. This in turn is related to the expectations regarding future short-term interest rates.",(:Governing_Council {id: e150})-[:monitors]->(:exchange_rate {id: e1616})-[:R_depend_on]->(:industries {id: e15189})-[:increase_in_e9]->(:food_services {id: e5497})-[:category_of]->(:Contact_intensive_activities {id: e21964})-[:played_a_key_role_in]->(:consumption {id: e1341})-[:to]->(:expected_future_short_term_rates {id: e17040}),6
3,Which industry saw an increase in the number of hours worked per week that is dependent on the exchange rate monitored by the Governing Council?,"The food services industry saw an increase in the number of hours worked per week, and this industry is dependent on the exchange rate which is monitored by the Governing Council.",(:Governing_Council {id: e150})-[:monitors]->(:exchange_rate {id: e1616})-[:R_depend_on]->(:industries {id: e15189})-[:increase_in_e9]->(:food_services {id: e5497})-[:saw_increase_in]->(:number_of_hours_worked_per_week {id: e18691}),4
4,"What factor drove up wholesale electricity prices in certain countries during the first two weeks after the invasion, according to the data monitored by the Governing Council?","The wholesale electricity prices in certain countries had the highest increase during the first two weeks after the invasion, which was driven up by the rise in gas prices.",(:Governing_Council {id: e150})-[:monitors]->(:exchange_rate {id: e1616})-[:R_depend_on]->(:industries {id: e15189})-[:R_characteristic_of]->(:countries {id: e1006})-[:had_highest]->(:wholesale_electricity_prices {id: e16092})-[:driven_up_by]->(:gas_prices {id: e3769})-[:increase_time_period]->(:first_two_weeks_after_the_invasion {id: e20169}),6
5,Which entity does the Governing Council monitor that directly affects industries in countries that had the highest wholesale electricity prices?,"The Governing Council monitors the exchange rate, which directly affects industries in countries that had the highest wholesale electricity prices.",(:Governing_Council {id: e150})-[:monitors]->(:exchange_rate {id: e1616})-[:R_depend_on]->(:industries {id: e15189})-[:R_characteristic_of]->(:countries {id: e1006})-[:had_highest]->(:wholesale_electricity_prices {id: e16092})-[:driven_up_by]->(:gas_prices {id: e3769})-[:account_for_part_of]->(:January_energy_price_dynamics {id: e3776}),6
6,"Which entity monitors the exchange rate that impacts industries, and how has this influenced wholesale electricity prices in countries with the highest rates?","The Governing Council (id: e150) monitors the exchange rate (id: e1616), which depends on industries (id: e15189). This relationship is characteristic of certain countries (id: e1006) that had the highest wholesale electricity prices (id: e16092). These prices were driven up by gas prices (id: e3769), which increased by 145 percent (id: e20579).",(:Governing_Council {id: e150})-[:monitors]->(:exchange_rate {id: e1616})-[:R_depend_on]->(:industries {id: e15189})-[:R_characteristic_of]->(:countries {id: e1006})-[:had_highest]->(:wholesale_electricity_prices {id: e16092})-[:driven_up_by]->(:gas_prices {id: e3769})-[:increased_by]->(:_145percent {id: e20579}),6
7,"What role does the Governing Council play in relation to the exchange rate that affects various industries in countries with the highest wholesale electricity prices, and how do policy measures benefit sectors most exposed to the crisis?","The Governing Council monitors the exchange rate, which depends on industries that are characteristic of countries with the highest wholesale electricity prices. Volatility in these wholesale electricity prices is affected by policy measures that have benefited sectors most exposed to the crisis.",(:Governing_Council {id: e150})-[:monitors]->(:exchange_rate {id: e1616})-[:R_depend_on]->(:industries {id: e15189})-[:R_characteristic_of]->(:countries {id: e1006})-[:had_highest]->(:wholesale_electricity_prices {id: e16092})-[:volatility_affected_by]->(:policy_measures {id: e2828})-[:benefited]->(:sectors_most_exposed_to_the_crisis {id: e14333}),6
8,"How do the policy measures related to wholesale electricity prices impact industries in various countries, according to the role of the Governing Council?","The Governing Council, which monitors exchange rates, is aware that the volatility of wholesale electricity prices can affect industries that are characteristic of various countries. These countries have had the highest wholesale electricity prices, and the volatility is affected by various policy measures. These policy measures have helped prevent bankruptcies within these industries by mitigating the impact of the price volatility.",(:Governing_Council {id: e150})-[:monitors]->(:exchange_rate {id: e1616})-[:R_depend_on]->(:industries {id: e15189})-[:R_characteristic_of]->(:countries {id: e1006})-[:had_highest]->(:wholesale_electricity_prices {id: e16092})-[:volatility_affected_by]->(:policy_measures {id: e2828})-[:prevented]->(:bankruptcies {id: e2182}),6
9,What does the Governing Council monitor that impacts industries in countries which had the highest wholesale electricity prices affecting the euro area that is facing economic contraction?,"The Governing Council monitors the exchange rate, which depends on industries characteristic of countries that had the highest wholesale electricity prices; this area affected is the euro area, which is facing economic contraction.",(:Governing_Council {id: e150})-[:monitors]->(:exchange_rate {id: e1616})-[:R_depend_on]->(:industries {id: e15189})-[:R_characteristic_of]->(:countries {id: e1006})-[:had_highest]->(:wholesale_electricity_prices {id: e16092})-[:area_affected]->(:euro_area {id: e375})-[:facing]->(:economic_contraction {id: e14167}),6
0,How did the end of VAT affect the hospitality sector's contribution to inflation since January 2020 compared to April 2019?,"The end of VAT affected the hospitality sector by leading to a decline in the period since January 2020 when compared to the cost of financing in April 2019, subsequently impacting its contribution to inflation.",(:inflation {id: e108})-[:contribution_to_inflation_by]->(:hospitality_sector {id: e3333})-[:affected_by_end_of]->(:VAT {id: e301})-[:declined_in_period]->(:January_2020 {id: e2753})-[:cost_of_financing_compared_to]->(:April_2019 {id: e7231}),4
1,How did the end of VAT affect the hospitality sector and what was the subsequent economic condition in the euro area during April 2020?,"The hospitality sector was affected by the end of VAT, which contributed to a decline in this sector during April 2020. This period also saw the highest percentage of the labour force covered by job retention schemes, indicating significant support measures in response to the economic challenges. Additionally, during this time, the euro area was facing economic contraction, highlighting broader financial difficulties beyond the hospitality sector.",(:inflation {id: e108})-[:contribution_to_inflation_by]->(:hospitality_sector {id: e3333})-[:affected_by_end_of]->(:VAT {id: e301})-[:declined_in_period]->(:April_2020 {id: e1715})-[:highest_percentage_of_labour_force_covered_by]->(:job_retention_schemes {id: e3625})-[:has_continuing_recourse_in]->(:euro_area {id: e375})-[:facing]->(:economic_contraction {id: e14167}),6
2,"How did the end of VAT affect the hospitality sector's contribution to inflation, and what was the subsequent economic context in April 2020?","The end of VAT affected the hospitality sector's contribution to inflation, likely causing prices within the sector to increase once the VAT reduction ended. In April 2020, the hospitality sector was also affected by a period of decline, during which there was a significant reliance on job retention schemes that covered the highest percentage of the labour force. These job retention schemes continued to be a resource in the euro area, where the performance of the hospitality sector would have been economically significant. Additionally, the euro area experienced issues with imports of grains during this time, which could have further influenced inflation and the economy.",(:inflation {id: e108})-[:contribution_to_inflation_by]->(:hospitality_sector {id: e3333})-[:affected_by_end_of]->(:VAT {id: e301})-[:declined_in_period]->(:April_2020 {id: e1715})-[:highest_percentage_of_labour_force_covered_by]->(:job_retention_schemes {id: e3625})-[:has_continuing_recourse_in]->(:euro_area {id: e375})-[:imports_affected_by]->(:grains {id: e20439}),6
3,"How did the end of VAT policies in the hospitality sector contribute to inflation, and how is this connected to labor force coverage by job retention schemes in April 2020?","The end of VAT policies in the hospitality sector contributed to inflation as hospitality services likely became more expensive when the value-added tax was reintroduced, thus raising prices for consumers. This occurred during a period, April 2020, when the highest percentage of the labor force was covered by job retention schemes, aimed at protecting jobs during economic downturns. These job retention schemes had a continuing recourse in the euro area, meaning they were sustained or could be drawn upon during this time. Additionally, these economic changes in the euro area had the potential to be affected by world market prices, indicating that global economic factors might also influence the situation.",(:inflation {id: e108})-[:contribution_to_inflation_by]->(:hospitality_sector {id: e3333})-[:affected_by_end_of]->(:VAT {id: e301})-[:declined_in_period]->(:April_2020 {id: e1715})-[:highest_percentage_of_labour_force_covered_by]->(:job_retention_schemes {id: e3625})-[:has_continuing_recourse_in]->(:euro_area {id: e375})-[:may_be_affected_via]->(:world_market_prices {id: e20179}),6
4,"How did the end of the VAT affect the hospitality sector and subsequently, the job retention schemes?","The end of the VAT led to a decline in the hospitality sector in April 2020, which was the period with the highest percentage of the labour force covered by job retention schemes. These schemes had a continuing recourse in the euro area, which was influenced by the economic conditions shaped by Russia's war in Ukraine.",(:inflation {id: e108})-[:contribution_to_inflation_by]->(:hospitality_sector {id: e3333})-[:affected_by_end_of]->(:VAT {id: e301})-[:declined_in_period]->(:April_2020 {id: e1715})-[:highest_percentage_of_labour_force_covered_by]->(:job_retention_schemes {id: e3625})-[:has_continuing_recourse_in]->(:euro_area {id: e375})-[:shaped_by]->(:Russias_war_in_Ukraine {id: e21956}),6
5,How did the end of VAT affect the hospitality sector and what subsequent economic trend occurred in April 2020 as a result?,"The end of VAT affected the hospitality sector by contributing to inflation. Subsequently, this led to a decline in the hospitality sector in April 2020, during which there was the highest percentage of the labour force covered by job retention schemes. These schemes continued to have recourse in the euro area, which depends on inter-sectoral linkages.",(:inflation {id: e108})-[:contribution_to_inflation_by]->(:hospitality_sector {id: e3333})-[:affected_by_end_of]->(:VAT {id: e301})-[:declined_in_period]->(:April_2020 {id: e1715})-[:highest_percentage_of_labour_force_covered_by]->(:job_retention_schemes {id: e3625})-[:has_continuing_recourse_in]->(:euro_area {id: e375})-[:depends_on]->(:inter_sectoral_linkages {id: e2800}),6
6,How did the end of VAT contributions by the hospitality sector affect inflation in April 2020 and what economic measure had the highest percentage of labor force coverage during that period?,"The end of VAT contributions from the hospitality sector contributed to inflation, and in April 2020, the highest percentage of the labor force was covered by job retention schemes. These job retention schemes continued to be used in the Euro area where price pressures remained subdued due to significant economic slack.",(:inflation {id: e108})-[:contribution_to_inflation_by]->(:hospitality_sector {id: e3333})-[:affected_by_end_of]->(:VAT {id: e301})-[:declined_in_period]->(:April_2020 {id: e1715})-[:highest_percentage_of_labour_force_covered_by]->(:job_retention_schemes {id: e3625})-[:has_continuing_recourse_in]->(:euro_area {id: e375})-[:price_pressures_remained_subdued_due_to]->(:significant_economic_slack {id: e18602}),6
7,"How did the end of VAT affect the hospitality sector in relation to inflation, and what was the significant event in April 2020 that involved the labour force, following which the euro area experienced an increase in price pressure due to recovery in domestic demand?","The end of VAT contributed to inflation in the hospitality sector. In April 2020, the highest percentage of the labour force was covered by job retention schemes, which continued to be a recourse in the euro area. The recovery in domestic demand subsequently led to an increase in price pressure in the euro area.",(:inflation {id: e108})-[:contribution_to_inflation_by]->(:hospitality_sector {id: e3333})-[:affected_by_end_of]->(:VAT {id: e301})-[:declined_in_period]->(:April_2020 {id: e1715})-[:highest_percentage_of_labour_force_covered_by]->(:job_retention_schemes {id: e3625})-[:has_continuing_recourse_in]->(:euro_area {id: e375})-[:increase_in_price_pressure_due_to]->(:recovery_in_domestic_demand {id: e18600}),6
8,"How did the end of VAT affect the hospitality sector's contribution to inflation, and what was a significant impact during April 2020?","The hospitality sector's contribution to inflation was affected by the end of VAT, which led to a decline in the sector during April 2020. During this period, there was a notable impact whereby the highest percentage of the labour force was covered by job retention schemes. These schemes continued to be a recourse in the euro area, which had technical discussions regarding fiscal capacity.",(:inflation {id: e108})-[:contribution_to_inflation_by]->(:hospitality_sector {id: e3333})-[:affected_by_end_of]->(:VAT {id: e301})-[:declined_in_period]->(:April_2020 {id: e1715})-[:highest_percentage_of_labour_force_covered_by]->(:job_retention_schemes {id: e3625})-[:has_continuing_recourse_in]->(:euro_area {id: e375})-[:has_technical_discussions]->(:fiscal_capacity {id: e8467}),6
9,"How did the end of VAT affect the hospitality sector in terms of inflation, and what period saw the highest percentage of the labor force covered by job retention schemes?","The end of VAT in the hospitality sector contributed to inflation. During the period of April 2020, there was the highest percentage of the labor force covered by job retention schemes, which has continued recourse in the euro area with income calibrated among income distribution.",(:inflation {id: e108})-[:contribution_to_inflation_by]->(:hospitality_sector {id: e3333})-[:affected_by_end_of]->(:VAT {id: e301})-[:declined_in_period]->(:April_2020 {id: e1715})-[:highest_percentage_of_labour_force_covered_by]->(:job_retention_schemes {id: e3625})-[:has_continuing_recourse_in]->(:euro_area {id: e375})-[:income_calibrated_among]->(:income_distribution {id: e2440}),6
0,"Which sector did not experience shortages of materials in February, despite a change in inflation rate to March when there was an increase in COVID-19 case numbers?","The services sector did not experience shortages of materials in February, despite a change in inflation rate to March when there was an increase in COVID-19 case numbers.",(:pandemic {id: e1589})-[:sector_with_more_deteriorated_profit_sentiment]->(:services_sector {id: e1595})-[:did_not_experience]->(:shortages_of_materials {id: e3272})-[:report_on]->(:February {id: e1135})-[:change_in_inflation_rate_to]->(:March {id: e5203})-[:saw_increase_in_case_numbers_of]->(:COVID_19 {id: e2295})-[:effects_propagate_through]->(:macroeconomic_linkages {id: e2350}),6
1,"Which sector experienced a more deteriorated profit sentiment during the pandemic but did not experience shortages of materials in February before the change in the inflation rate occurred in March, which led to economic growth that is expected to be moderate in the longer term?","The services sector experienced a more deteriorated profit sentiment during the pandemic but did not experience shortages of materials in February. This preceded a change in the inflation rate in March, which led to economic growth that is expected to be moderate in the longer term.",(:pandemic {id: e1589})-[:sector_with_more_deteriorated_profit_sentiment]->(:services_sector {id: e1595})-[:did_not_experience]->(:shortages_of_materials {id: e3272})-[:report_on]->(:February {id: e1135})-[:change_in_inflation_rate_to]->(:March {id: e5203})-[:experienced]->(:economic_growth {id: e1409})-[:moderate_in]->(:longer_term {id: e19930}),6
2,"During the pandemic, which sector showed more deteriorated profit sentiment and did not experience shortages of materials in February, and what economic change occurred in March that was influenced by strengthening foreign demand?","During the pandemic, the services sector showed more deteriorated profit sentiment and did not experience shortages of materials in February. In March, there was economic growth, which was influenced by strengthening foreign demand.",(:pandemic {id: e1589})-[:sector_with_more_deteriorated_profit_sentiment]->(:services_sector {id: e1595})-[:did_not_experience]->(:shortages_of_materials {id: e3272})-[:report_on]->(:February {id: e1135})-[:change_in_inflation_rate_to]->(:March {id: e5203})-[:experienced]->(:economic_growth {id: e1409})-[:influenced_by]->(:strengthening_foreign_demand {id: e21422}),6
3,"Which sector, during the pandemic, had a more deteriorated profit sentiment but did not experience shortages of materials as reported in February, which led to a change in inflation rate into March and subsequently experienced economic growth as indicated by the Purchasing Managers' Index (PMI)?","The services sector had a more deteriorated profit sentiment during the pandemic but did not experience shortages of materials as reported in February. This situation led to a change in the inflation rate going into March, which was when the sector experienced economic growth as indicated by the Purchasing Managers' Index (PMI).",(:pandemic {id: e1589})-[:sector_with_more_deteriorated_profit_sentiment]->(:services_sector {id: e1595})-[:did_not_experience]->(:shortages_of_materials {id: e3272})-[:report_on]->(:February {id: e1135})-[:change_in_inflation_rate_to]->(:March {id: e5203})-[:experienced]->(:economic_growth {id: e1409})-[:indicated_by]->(:Purchasing_Managers_Index_PMI {id: e14966}),6
4,"During the pandemic, which sector showed more deteriorated profit sentiment but did not experience shortages of materials as reported in February, and how might this reflect in 2024's inflation rate projections?","The services sector showed more deteriorated profit sentiment during the pandemic but did not experience shortages of materials as reported in February. This might be reflected in 2024's inflation rate projections, which are projected to average in and have been revised down by 0.3 percentage points.",(:pandemic {id: e1589})-[:sector_with_more_deteriorated_profit_sentiment]->(:services_sector {id: e1595})-[:did_not_experience]->(:shortages_of_materials {id: e3272})-[:report_on]->(:February {id: e1135})-[:inflation_rate_for_month]->(:inflation_rate {id: e3512})-[:projected_to_average_in]->(:_2024 {id: e4146})-[:revised_down_projection]->(:_0_point_3_percentage_points {id: e4566}),6
5,"During the pandemic, which sector experienced a deterioration in profit sentiment without facing shortages of materials as reported in February, and what was the related significant rise in prices noted in the same month?","The services sector was the one that experienced more deteriorated profit sentiment during the pandemic and did not experience shortages of materials, as reported in February. In the same month, there was also a significant increase in food prices, which rose by 7.5 percent.",(:pandemic {id: e1589})-[:sector_with_more_deteriorated_profit_sentiment]->(:services_sector {id: e1595})-[:did_not_experience]->(:shortages_of_materials {id: e3272})-[:report_on]->(:February {id: e1135})-[:inflation_rate_for_month]->(:inflation_rate {id: e3512})-[:also_increased_sharply]->(:food_prices {id: e2758})-[:Rise_by]->(:_7_point_5percent {id: e455}),6
6,"Did the services sector, which saw a deterioration in profit sentiment during the pandemic, experience shortages of materials in February when the inflation rate and food prices increased sharply?","No, the services sector did not experience shortages of materials in February when the inflation rate and food prices increased sharply.",(:pandemic {id: e1589})-[:sector_with_more_deteriorated_profit_sentiment]->(:services_sector {id: e1595})-[:did_not_experience]->(:shortages_of_materials {id: e3272})-[:report_on]->(:February {id: e1135})-[:inflation_rate_for_month]->(:inflation_rate {id: e3512})-[:also_increased_sharply]->(:food_prices {id: e2758})-[:price_surge_observed_in]->(:spring_of_2020 {id: e2757}),6
7,"What was the inflation rate for the month of March following February in which the services sector, that did not experience shortages of materials, had more deteriorated profit sentiment during the pandemic?",The inflation rate for the month of March was 6.3 percent.,(:pandemic {id: e1589})-[:sector_with_more_deteriorated_profit_sentiment]->(:services_sector {id: e1595})-[:did_not_experience]->(:shortages_of_materials {id: e3272})-[:report_on]->(:February {id: e1135})-[:inflation_rate_for_month]->(:inflation_rate {id: e3512})-[:value_in_time]->(:March {id: e5203})-[:has_value]->(:_6_point_3percent {id: e10219}),6
8,"Which sector did not experience shortages of materials in February according to Eurostat data, even as the pandemic led to more deteriorated profit sentiment, especially in the services sector?","The wholesale and retail trade sector did not experience shortages of materials in February according to Eurostat data, despite the pandemic causing more deteriorated profit sentiment in the services sector.",(:pandemic {id: e1589})-[:sector_with_more_deteriorated_profit_sentiment]->(:services_sector {id: e1595})-[:did_not_experience]->(:shortages_of_materials {id: e3272})-[:report_on]->(:February {id: e1135})-[:inflation_rate_for_month]->(:inflation_rate {id: e3512})-[:estimated_by]->(:Eurostat {id: e4418})-[:provides_data_on]->(:wholesale_and_retail_trade {id: e20468}),6
9,"How did the services sector fare in terms of material shortages during the pandemic, and what is the expected change in inflation rate for February 2024?","During the pandemic, the services sector, which experienced more deteriorated profit sentiment, did not experience shortages of materials in February. Additionally, the inflation rate for February is expected to be revised down by 0.3 percentage points in 2024.",(:pandemic {id: e1589})-[:sector_with_more_deteriorated_profit_sentiment]->(:services_sector {id: e1595})-[:did_not_experience]->(:shortages_of_materials {id: e3272})-[:report_on]->(:February {id: e1135})-[:inflation_rate_for_month]->(:inflation_rate {id: e3512})-[:expected_value_in]->(:_2024 {id: e4146})-[:revised_down_projection]->(:_0_point_3_percentage_points {id: e4566}),6
0,"What action did the United States take in response to Russia's invasion of Ukraine in February 2022, and what was the specific impact on the energy sector?",The United States announced an embargo on energy commodity imports that originate from Russia as a response to Russia's invasion of Ukraine in February 2022. This action increased uncertainty in the energy supply.,(:United_States {id: e230})-[:announced_embargo_on]->(:energy_commodity_imports {id: e19936})-[:originates_from]->(:Russia {id: e5361})-[:launched_an_invasion_on]->(:Ukraine {id: e5448})-[:invaded_on_date]->(:February_2022 {id: e6283})-[:time_of]->(:Russian_invasion_of_Ukraine {id: e5956})-[:increased_uncertainty_in]->(:energy_supply {id: e12188}),6
1,"What event led the United States to announce an embargo on energy commodity imports from Russia, and how did this contribute to the global environment?",The United States announced an embargo on energy commodity imports from Russia after Russia launched an invasion on Ukraine in February 2022. This invasion caused a highly uncertain environment globally.,(:United_States {id: e230})-[:announced_embargo_on]->(:energy_commodity_imports {id: e19936})-[:originates_from]->(:Russia {id: e5361})-[:launched_an_invasion_on]->(:Ukraine {id: e5448})-[:invaded_on_date]->(:February_2022 {id: e6283})-[:time_of]->(:Russian_invasion_of_Ukraine {id: e5956})-[:caused]->(:highly_uncertain_environment {id: e10430}),6
2,"What action did the United States take on energy commodity imports that originates from Russia, which had launched an invasion on Ukraine, and how has it affected global supply chains and the recovery of global trade?","The United States announced an embargo on energy commodity imports that originates from Russia, which had launched an invasion on Ukraine. This action is causing pressure on global supply chains and impacting the recovery of global trade.",(:United_States {id: e230})-[:announced_embargo_on]->(:energy_commodity_imports {id: e19936})-[:originates_from]->(:Russia {id: e5361})-[:launched_an_invasion_on]->(:Ukraine {id: e5448})-[:location_of]->(:war {id: e10185})-[:causing_pressure_on]->(:global_supply_chains {id: e2546})-[:impact_on]->(:recovery_of_global_trade {id: e9060}),6
3,"What action did the United States take in response to Russia's invasion of Ukraine, and how did this conflict affect European imports?","The United States announced an embargo on energy commodity imports in response to Russia's invasion of Ukraine. The war in Ukraine hindered imports, affecting a total amount of approximately â‚¬920 billion.",(:United_States {id: e230})-[:announced_embargo_on]->(:energy_commodity_imports {id: e19936})-[:originates_from]->(:Russia {id: e5361})-[:launched_an_invasion_on]->(:Ukraine {id: e5448})-[:location_of]->(:war {id: e10185})-[:hindered]->(:imports {id: e553})-[:amount]->(:Euro920_billion {id: e17818}),6
4,Which action by the United States is likely to exacerbate shortages of materials due to a war in Ukraine?,"The United States announced an embargo on energy commodity imports that originate from Russia, which is likely to exacerbate shortages of materials due to the war in Ukraine.",(:United_States {id: e230})-[:announced_embargo_on]->(:energy_commodity_imports {id: e19936})-[:originates_from]->(:Russia {id: e5361})-[:launched_an_invasion_on]->(:Ukraine {id: e5448})-[:location_of]->(:war {id: e10185})-[:likely_to_exacerbate]->(:shortages_of_materials {id: e3272})-[:perceived_as]->(:increasingly_limiting_factor {id: e22024}),6
5,"Did the United States announce an embargo on energy commodity imports from Russia due to its invasion of Ukraine, and what is the expected near-term trend for energy prices as a result of the war?","Yes, the United States announced an embargo on energy commodity imports that originate from Russia in response to its invasion of Ukraine. The war's implications for energy prices are expected to show a certain trend in the near term, though the subgraph does not specify what that trend is.",(:United_States {id: e230})-[:announced_embargo_on]->(:energy_commodity_imports {id: e19936})-[:originates_from]->(:Russia {id: e5361})-[:launched_an_invasion_on]->(:Ukraine {id: e5448})-[:location_of]->(:war {id: e10185})-[:implications_for]->(:energy_prices {id: e3312})-[:expected_trend_in_time]->(:near_term {id: e526}),6
6,"What action did the United States take in response to Russia's invasion of Ukraine, and what was the anticipated impact on energy prices over the course of the year?",The United States announced an embargo on energy commodity imports that originate from Russia in response to Russia's invasion of Ukraine. This action was anticipated to affect energy prices over the course of the year.,(:United_States {id: e230})-[:announced_embargo_on]->(:energy_commodity_imports {id: e19936})-[:originates_from]->(:Russia {id: e5361})-[:launched_an_invasion_on]->(:Ukraine {id: e5448})-[:location_of]->(:war {id: e10185})-[:implications_for]->(:energy_prices {id: e3312})-[:anticipated_trend]->(:the_course_of_the_year {id: e3489}),6
7,What prompted the United States to announce an embargo on energy commodity imports and what are some of the implications of this decision?,"The United States announced an embargo on energy commodity imports that originate from Russia. This decision was prompted by Russia's invasion of Ukraine, which is the location of an ongoing war. One of the implications of the embargo and the war is its effect on energy prices, which in turn impacts the euro area trade balance.",(:United_States {id: e230})-[:announced_embargo_on]->(:energy_commodity_imports {id: e19936})-[:originates_from]->(:Russia {id: e5361})-[:launched_an_invasion_on]->(:Ukraine {id: e5448})-[:location_of]->(:war {id: e10185})-[:implications_for]->(:energy_prices {id: e3312})-[:impacts]->(:euro_area_trade_balance {id: e20139}),6
8,"Which country announced an embargo on energy commodity imports that originated from Russia after Russia launched an invasion on Ukraine, contributing to global price fluctuations?","The United States announced an embargo on energy commodity imports that originated from Russia after Russia launched an invasion on Ukraine, contributing to global price fluctuations.",(:United_States {id: e230})-[:announced_embargo_on]->(:energy_commodity_imports {id: e19936})-[:originates_from]->(:Russia {id: e5361})-[:launched_an_invasion_on]->(:Ukraine {id: e5448})-[:location_of]->(:war {id: e10185})-[:contributed_to]->(:global_prices {id: e20395}),5
9,"Which country did the United States announce an embargo on energy commodity imports from, and what event involving that country is related to a war that has increased uncertainty surrounding central forecasts?","The United States announced an embargo on energy commodity imports from Russia, which is related to the event of Russia launching an invasion on Ukraine, a situation that has increased uncertainty surrounding central forecasts due to the war in Ukraine.",(:United_States {id: e230})-[:announced_embargo_on]->(:energy_commodity_imports {id: e19936})-[:originates_from]->(:Russia {id: e5361})-[:launched_an_invasion_on]->(:Ukraine {id: e5448})-[:location_of]->(:war {id: e10185})-[:via]->(:uncertainty {id: e751})-[:surrounding]->(:central_forecast {id: e8323}),6
0,How did Russia's invasion of Ukraine in 2022 contribute to the changes in aggregate demand through indirect disposable income effects?,"Russia's invasion of Ukraine in 2022 led to a surge in energy prices, which indirectly affected aggregate demand through disposable income effects. These effects on aggregate demand were characterized by less pronounced, or more temporal, adjustments in consumer spending due to changes in income available to households after accounting for such energy costs.",(:_2022 {id: e404})-[:uncertainty_by]->(:Russias_invasion_of_Ukraine {id: e21950})-[:caused_surge_in]->(:energy_prices {id: e3312})-[:PLACEHOLDER]->(:bn15 {id: bn15})-[:PLACEHOLDER]->(:aggregate_demand {id: e2203})-[:affected_by]->(:indirect_disposable_income_effects {id: e13818})-[:temporal_character]->(:less_pronounced_effects {id: e13822}),6
1,What event caused the surge in energy prices that led governments to reactivate temporary monetary financing facilities in 2022?,Russia's invasion of Ukraine caused a surge in energy prices that led governments to reactivate temporary monetary financing facilities in 2022.,(:_2022 {id: e404})-[:uncertainty_by]->(:Russias_invasion_of_Ukraine {id: e21950})-[:caused_surge_in]->(:energy_prices {id: e3312})-[:PLACEHOLDER]->(:bn15 {id: bn15})-[:PLACEHOLDER]->(:government {id: e1782})-[:reactivated]->(:temporary_monetary_financing_facility {id: e14467}),5
2,How did Russia's invasion of Ukraine in 2022 lead to a change in the economic policy of governments?,"Russia's invasion of Ukraine in 2022 caused a surge in energy prices, which led to economic responses by governments. One such response included the implementation of the Term Funding Scheme as part of their economic policy responses.",(:_2022 {id: e404})-[:uncertainty_by]->(:Russias_invasion_of_Ukraine {id: e21950})-[:caused_surge_in]->(:energy_prices {id: e3312})-[:PLACEHOLDER]->(:bn15 {id: bn15})-[:PLACEHOLDER]->(:government {id: e1782})-[:included_in_economic_policy_responses]->(:Term_Funding_Scheme {id: e14464}),5
3,How has Russia's invasion of Ukraine in 2022 affected households in relation to energy prices and consumption?,"Russia's invasion of Ukraine in 2022 brought about uncertainty which caused a surge in energy prices. This surge in energy prices has affected households by influencing their consumption patterns, which has been analyzed using the Euler equation to understand how these households smooth their consumption over time despite the changes in energy costs.",(:_2022 {id: e404})-[:uncertainty_by]->(:Russias_invasion_of_Ukraine {id: e21950})-[:caused_surge_in]->(:energy_prices {id: e3312})-[:PLACEHOLDER]->(:bn15 {id: bn15})-[:PLACEHOLDER]->(:households {id: e740})-[:smooth]->(:consumption {id: e1341})-[:via]->(:Euler_equation {id: e17041}),6
4,How has Russia's invasion of Ukraine in 2022 affected households' savings?,"Russia's invasion of Ukraine in 2022 caused a surge in energy prices, which led to households starting to allocate more of their savings to cover the increased food and energy costs, limiting their ability to accumulate savings.",(:_2022 {id: e404})-[:uncertainty_by]->(:Russias_invasion_of_Ukraine {id: e21950})-[:caused_surge_in]->(:energy_prices {id: e3312})-[:PLACEHOLDER]->(:bn15 {id: bn15})-[:PLACEHOLDER]->(:households {id: e740})-[:started_allocating]->(:savings {id: e5506})-[:limited_accumulation_by]->(:food_and_energy_costs {id: e20134}),6
5,How did Russia's invasion of Ukraine in 2022 lead to changes in household spending following the relaxation of pandemic-related restrictions?,"Russia's invasion of Ukraine in 2022 led to a surge in energy prices, which in turn affected households. Following the relaxation of pandemic-related restrictions, households had a desire to spend, but this spending was impacted by the increase in energy prices due to the uncertainty caused by the invasion.",(:_2022 {id: e404})-[:uncertainty_by]->(:Russias_invasion_of_Ukraine {id: e21950})-[:caused_surge_in]->(:energy_prices {id: e3312})-[:PLACEHOLDER]->(:bn15 {id: bn15})-[:PLACEHOLDER]->(:households {id: e740})-[:desired_after]->(:pandemic_related_restrictions {id: e2611})-[:relaxation_led_to]->(:households_desire_to_spend {id: e5954}),6
6,How has Russia's invasion of Ukraine in 2022 contributed to challenges faced by households?,"Russia's invasion of Ukraine in 2022 led to a surge in energy prices, which in turn increased the financial burden on households. This was particularly challenging as it came at a time when households were desiring to return to normalcy after pandemic-related restrictions were lifted due to vaccines being rolled out.",(:_2022 {id: e404})-[:uncertainty_by]->(:Russias_invasion_of_Ukraine {id: e21950})-[:caused_surge_in]->(:energy_prices {id: e3312})-[:PLACEHOLDER]->(:bn15 {id: bn15})-[:PLACEHOLDER]->(:households {id: e740})-[:desired_after]->(:pandemic_related_restrictions {id: e2611})-[:lifted_due_to]->(:vaccines_rolled_out {id: e2612}),6
7,How did Russia's invasion of Ukraine contribute to a change in household consumption patterns in 2022?,"Russia's invasion of Ukraine caused a surge in energy prices, which in turn led to an increase in household income as households responded to these changes. This increase in income triggered a change in household consumption patterns in 2022.",(:_2022 {id: e404})-[:uncertainty_by]->(:Russias_invasion_of_Ukraine {id: e21950})-[:caused_surge_in]->(:energy_prices {id: e3312})-[:PLACEHOLDER]->(:bn15 {id: bn15})-[:PLACEHOLDER]->(:households {id: e740})-[:respond_by_increase]->(:income {id: e2458})-[:trigger]->(:household_consumption_patterns {id: e15061}),6
8,How did Russia's invasion of Ukraine contribute to a surge in energy prices and what was the subsequent impact on households during the COVID-19 crisis?,"Russia's invasion of Ukraine caused a surge in energy prices, which impacted households especially during the COVID-19 crisis, leading to an expansion in euro area budget deficits.",(:_2022 {id: e404})-[:uncertainty_by]->(:Russias_invasion_of_Ukraine {id: e21950})-[:caused_surge_in]->(:energy_prices {id: e3312})-[:PLACEHOLDER]->(:bn15 {id: bn15})-[:PLACEHOLDER]->(:households {id: e740})-[:state_during]->(:COVID_19_crisis {id: e2110})-[:led_to_expansion_in]->(:euro_area_budget_deficits {id: e2870}),6
9,How has Russia's invasion of Ukraine contributed to higher costs of living for households?,"Russia's invasion of Ukraine has caused a surge in energy prices, which in turn has led to higher costs of living for households, mainly due to the increased commodity prices subject to supply side risks.",(:_2022 {id: e404})-[:uncertainty_by]->(:Russias_invasion_of_Ukraine {id: e21950})-[:caused_surge_in]->(:energy_prices {id: e3312})-[:PLACEHOLDER]->(:bn15 {id: bn15})-[:PLACEHOLDER]->(:households {id: e740})-[:faces_higher_cost_of_living_due_to]->(:commodity_prices {id: e5164})-[:subject_to]->(:supply_side_risks {id: e19909}),6
